experiment,pavloviaSessionId,posixTimeSec,cursorPositionXYPx,crosshairPositionXYPx,targetPositionXYPx,blockNumber,block_condition,conditionNumber,conditionName,trialNumber,pxPerCm,viewingDistanceCm,screenWidthPx,screenHeightPx,nearpointXYPx,trialStep,targetBool,crosshairBool
CrowdingReadingAcuity_firstSess11,LoudAquaCow870,1743448435.972,"0,0","180,380",,3,3_2,2,,1,30.252100840336134,104.7,360,760,"180,380",importConditions,FALSE,FALSE
CrowdingReadingAcuity_firstSess11,LoudAquaCow870,1743448435.988,"0,0","180,380",,3,3_2,2,,1,30.252100840336134,104.7,360,760,"180,380",importConditions,FALSE,FALSE
CrowdingReadingAcuity_firstSess11,LoudAquaCow870,1743448436.004,"0,0","180,380",,3,3_2,2,,1,30.252100840336134,104.7,360,760,"180,380",importConditions,FALSE,FALSE
CrowdingReadingAcuity_firstSess11,LoudAquaCow870,1743448436.02,"0,0","180,380",,3,3_2,2,,1,30.252100840336134,104.7,360,760,"180,380",importConditions,FALSE,FALSE
CrowdingReadingAcuity_firstSess11,LoudAquaCow870,1743448436.036,"0,0","180,380",,3,3_2,2,,1,30.252100840336134,104.7,360,760,"180,380",importConditions,FALSE,FALSE
CrowdingReadingAcuity_firstSess11,LoudAquaCow870,1743448436.052,"0,0","180,380",,3,3_2,2,,1,30.252100840336134,104.7,360,760,"180,380",importConditions,FALSE,FALSE
CrowdingReadingAcuity_firstSess11,LoudAquaCow870,1743448436.068,"0,0","180,380",,3,3_2,2,,1,30.252100840336134,104.7,360,760,"180,380",importConditions,FALSE,FALSE
CrowdingReadingAcuity_firstSess11,LoudAquaCow870,1743448436.085,"0,0","180,380",,3,3_2,2,,1,30.252100840336134,104.7,360,760,"180,380",importConditions,FALSE,FALSE
CrowdingReadingAcuity_firstSess11,LoudAquaCow870,1743448436.1,"0,0","180,380",,3,3_2,2,,1,30.252100840336134,104.7,360,760,"180,380",importConditions,FALSE,FALSE
CrowdingReadingAcuity_firstSess11,LoudAquaCow870,1743448436.116,"0,0","180,380",,3,3_2,2,,1,30.252100840336134,104.7,360,760,"180,380",importConditions,FALSE,FALSE
CrowdingReadingAcuity_firstSess11,LoudAquaCow870,1743448436.132,"0,0","180,380",,3,3_2,2,,1,30.252100840336134,104.7,360,760,"180,380",importConditions,FALSE,FALSE
CrowdingReadingAcuity_firstSess11,LoudAquaCow870,1743448436.148,"0,0","180,380",,3,3_2,2,,1,30.252100840336134,104.7,360,760,"180,380",importConditions,FALSE,FALSE
CrowdingReadingAcuity_firstSess11,LoudAquaCow870,1743448436.164,"0,0","180,380",,3,3_2,2,,1,30.252100840336134,104.7,360,760,"180,380",importConditions,FALSE,FALSE
CrowdingReadingAcuity_firstSess11,LoudAquaCow870,1743448436.18,"0,0","180,380",,3,3_2,2,,1,30.252100840336134,104.7,360,760,"180,380",importConditions,FALSE,FALSE
CrowdingReadingAcuity_firstSess11,LoudAquaCow870,1743448436.197,"0,0","180,380",,3,3_2,2,,1,30.252100840336134,104.7,360,760,"180,380",importConditions,FALSE,FALSE
CrowdingReadingAcuity_firstSess11,LoudAquaCow870,1743448436.213,"0,0","180,380",,3,3_2,2,,1,30.252100840336134,104.7,360,760,"180,380",importConditions,FALSE,FALSE
CrowdingReadingAcuity_firstSess11,LoudAquaCow870,1743448436.23,"0,0","180,380",,3,3_2,2,,1,30.252100840336134,104.7,360,760,"180,380",importConditions,FALSE,FALSE
CrowdingReadingAcuity_firstSess11,LoudAquaCow870,1743448436.245,"0,0","180,380",,3,3_2,2,,1,30.252100840336134,104.7,360,760,"180,380",importConditions,FALSE,FALSE
CrowdingReadingAcuity_firstSess11,LoudAquaCow870,1743448436.26,"0,0","180,380",,3,3_2,2,,1,30.252100840336134,104.7,360,760,"180,380",importConditions,FALSE,FALSE
CrowdingReadingAcuity_firstSess11,LoudAquaCow870,1743448436.276,"0,0","180,380",,3,3_2,2,,1,30.252100840336134,104.7,360,760,"180,380",importConditions,FALSE,FALSE
CrowdingReadingAcuity_firstSess11,LoudAquaCow870,1743448436.293,"0,0","180,380",,3,3_2,2,,1,30.252100840336134,104.7,360,760,"180,380",importConditions,FALSE,FALSE
CrowdingReadingAcuity_firstSess11,LoudAquaCow870,1743448436.308,"0,0","180,380",,3,3_2,2,,1,30.252100840336134,104.7,360,760,"180,380",importConditions,FALSE,FALSE
CrowdingReadingAcuity_firstSess11,LoudAquaCow870,1743448436.324,"0,0","180,380",,3,3_2,2,,1,30.252100840336134,104.7,360,760,"180,380",importConditions,FALSE,FALSE
CrowdingReadingAcuity_firstSess11,LoudAquaCow870,1743448436.34,"0,0","180,380",,3,3_2,2,,1,30.252100840336134,104.7,360,760,"180,380",importConditions,FALSE,FALSE
CrowdingReadingAcuity_firstSess11,LoudAquaCow870,1743448436.356,"0,0","180,380",,3,3_2,2,,1,30.252100840336134,104.7,360,760,"180,380",importConditions,FALSE,FALSE
CrowdingReadingAcuity_firstSess11,LoudAquaCow870,1743448436.372,"0,0","180,380",,3,3_2,2,,1,30.252100840336134,104.7,360,760,"180,380",importConditions,FALSE,FALSE
CrowdingReadingAcuity_firstSess11,LoudAquaCow870,1743448436.388,"0,0","180,380",,3,3_2,2,,1,30.252100840336134,104.7,360,760,"180,380",importConditions,FALSE,FALSE
CrowdingReadingAcuity_firstSess11,LoudAquaCow870,1743448436.404,"0,0","180,380",,3,3_2,2,,1,30.252100840336134,104.7,360,760,"180,380",importConditions,FALSE,FALSE
CrowdingReadingAcuity_firstSess11,LoudAquaCow870,1743448436.42,"0,0","180,380",,3,3_2,2,,1,30.252100840336134,104.7,360,760,"180,380",importConditions,FALSE,FALSE
CrowdingReadingAcuity_firstSess11,LoudAquaCow870,1743448436.436,"0,0","180,380",,3,3_2,2,,1,30.252100840336134,104.7,360,760,"180,380",importConditions,FALSE,FALSE
CrowdingReadingAcuity_firstSess11,LoudAquaCow870,1743448436.452,"0,0","180,380",,3,3_2,2,,1,30.252100840336134,104.7,360,760,"180,380",importConditions,FALSE,FALSE
CrowdingReadingAcuity_firstSess11,LoudAquaCow870,1743448436.468,"0,0","180,380",,3,3_2,2,,1,30.252100840336134,104.7,360,760,"180,380",importConditions,FALSE,FALSE
CrowdingReadingAcuity_firstSess11,LoudAquaCow870,1743448436.484,"0,0","180,380",,3,3_2,2,,1,30.252100840336134,104.7,360,760,"180,380",importConditions,FALSE,FALSE
CrowdingReadingAcuity_firstSess11,LoudAquaCow870,1743448436.5,"0,0","180,380",,3,3_2,2,,1,30.252100840336134,104.7,360,760,"180,380",importConditions,FALSE,FALSE
CrowdingReadingAcuity_firstSess11,LoudAquaCow870,1743448436.516,"0,0","180,380",,3,3_2,2,,1,30.252100840336134,104.7,360,760,"180,380",importConditions,FALSE,FALSE
CrowdingReadingAcuity_firstSess11,LoudAquaCow870,1743448436.532,"0,0","180,380",,3,3_2,2,,1,30.252100840336134,104.7,360,760,"180,380",importConditions,FALSE,FALSE
CrowdingReadingAcuity_firstSess11,LoudAquaCow870,1743448436.548,"0,0","180,380",,3,3_2,2,,1,30.252100840336134,104.7,360,760,"180,380",importConditions,FALSE,FALSE
CrowdingReadingAcuity_firstSess11,LoudAquaCow870,1743448436.564,"0,0","180,380",,3,3_2,2,,1,30.252100840336134,104.7,360,760,"180,380",importConditions,FALSE,FALSE
CrowdingReadingAcuity_firstSess11,LoudAquaCow870,1743448436.58,"0,0","180,380",,3,3_2,2,,1,30.252100840336134,104.7,360,760,"180,380",importConditions,FALSE,FALSE
CrowdingReadingAcuity_firstSess11,LoudAquaCow870,1743448436.597,"0,0","180,380",,3,3_2,2,,1,30.252100840336134,104.7,360,760,"180,380",importConditions,FALSE,FALSE
CrowdingReadingAcuity_firstSess11,LoudAquaCow870,1743448436.613,"0,0","180,380",,3,3_2,2,,1,30.252100840336134,104.7,360,760,"180,380",importConditions,FALSE,FALSE
CrowdingReadingAcuity_firstSess11,LoudAquaCow870,1743448436.628,"0,0","180,380",,3,3_2,2,,1,30.252100840336134,104.7,360,760,"180,380",importConditions,FALSE,FALSE
CrowdingReadingAcuity_firstSess11,LoudAquaCow870,1743448436.645,"0,0","180,380",,3,3_2,2,,1,30.252100840336134,104.7,360,760,"180,380",importConditions,FALSE,FALSE
CrowdingReadingAcuity_firstSess11,LoudAquaCow870,1743448436.66,"0,0","180,380",,3,3_2,2,,1,30.252100840336134,104.7,360,760,"180,380",importConditions,FALSE,FALSE
CrowdingReadingAcuity_firstSess11,LoudAquaCow870,1743448436.676,"0,0","180,380",,3,3_2,2,,1,30.252100840336134,104.7,360,760,"180,380",importConditions,FALSE,FALSE
CrowdingReadingAcuity_firstSess11,LoudAquaCow870,1743448436.692,"0,0","180,380",,3,3_2,2,,1,30.252100840336134,104.7,360,760,"180,380",importConditions,FALSE,FALSE
CrowdingReadingAcuity_firstSess11,LoudAquaCow870,1743448436.708,"0,0","180,380",,3,3_2,2,,1,30.252100840336134,104.7,360,760,"180,380",importConditions,FALSE,FALSE
CrowdingReadingAcuity_firstSess11,LoudAquaCow870,1743448436.724,"0,0","180,380",,3,3_2,2,,1,30.252100840336134,104.7,360,760,"180,380",importConditions,FALSE,FALSE
CrowdingReadingAcuity_firstSess11,LoudAquaCow870,1743448436.74,"0,0","180,380",,3,3_2,2,,1,30.252100840336134,104.7,360,760,"180,380",importConditions,FALSE,FALSE
CrowdingReadingAcuity_firstSess11,LoudAquaCow870,1743448436.756,"0,0","180,380",,3,3_2,2,,1,30.252100840336134,104.7,360,760,"180,380",importConditions,FALSE,FALSE
CrowdingReadingAcuity_firstSess11,LoudAquaCow870,1743448436.772,"0,0","180,380",,3,3_2,2,,1,30.252100840336134,104.7,360,760,"180,380",importConditions,FALSE,FALSE
CrowdingReadingAcuity_firstSess11,LoudAquaCow870,1743448436.789,"0,0","180,380",,3,3_2,2,,1,30.252100840336134,104.7,360,760,"180,380",importConditions,FALSE,FALSE
CrowdingReadingAcuity_firstSess11,LoudAquaCow870,1743448436.804,"0,0","180,380",,3,3_2,2,,1,30.252100840336134,104.7,360,760,"180,380",importConditions,FALSE,FALSE
CrowdingReadingAcuity_firstSess11,LoudAquaCow870,1743448436.82,"0,0","180,380",,3,3_2,2,,1,30.252100840336134,104.7,360,760,"180,380",importConditions,FALSE,FALSE
CrowdingReadingAcuity_firstSess11,LoudAquaCow870,1743448436.836,"0,0","180,380",,3,3_2,2,,1,30.252100840336134,104.7,360,760,"180,380",importConditions,FALSE,FALSE
CrowdingReadingAcuity_firstSess11,LoudAquaCow870,1743448436.853,"0,0","180,380",,3,3_2,2,,1,30.252100840336134,104.7,360,760,"180,380",importConditions,FALSE,FALSE
CrowdingReadingAcuity_firstSess11,LoudAquaCow870,1743448436.868,"0,0","180,380",,3,3_2,2,,1,30.252100840336134,104.7,360,760,"180,380",importConditions,FALSE,FALSE
CrowdingReadingAcuity_firstSess11,LoudAquaCow870,1743448436.884,"0,0","180,380",,3,3_2,2,,1,30.252100840336134,104.7,360,760,"180,380",importConditions,FALSE,FALSE
CrowdingReadingAcuity_firstSess11,LoudAquaCow870,1743448436.9,"0,0","180,380",,3,3_2,2,,1,30.252100840336134,104.7,360,760,"180,380",importConditions,FALSE,FALSE
CrowdingReadingAcuity_firstSess11,LoudAquaCow870,1743448436.916,"0,0","180,380",,3,3_2,2,,1,30.252100840336134,104.7,360,760,"180,380",importConditions,FALSE,FALSE
CrowdingReadingAcuity_firstSess11,LoudAquaCow870,1743448436.932,"0,0","180,380",,3,3_2,2,,1,30.252100840336134,104.7,360,760,"180,380",importConditions,FALSE,FALSE
CrowdingReadingAcuity_firstSess11,LoudAquaCow870,1743448436.949,"0,0","180,380",,3,3_2,2,,1,30.252100840336134,104.7,360,760,"180,380",importConditions,FALSE,FALSE
CrowdingReadingAcuity_firstSess11,LoudAquaCow870,1743448436.965,"0,0","180,380",,3,3_2,2,,1,30.252100840336134,104.7,360,760,"180,380",importConditions,FALSE,FALSE
CrowdingReadingAcuity_firstSess11,LoudAquaCow870,1743448436.98,"0,0","180,380",,3,3_2,2,,1,30.252100840336134,104.7,360,760,"180,380",importConditions,FALSE,FALSE
CrowdingReadingAcuity_firstSess11,LoudAquaCow870,1743448436.997,"0,0","180,380",,3,3_2,2,,1,30.252100840336134,104.7,360,760,"180,380",importConditions,FALSE,FALSE
CrowdingReadingAcuity_firstSess11,LoudAquaCow870,1743448437.013,"0,0","180,380",,3,3_2,2,,1,30.252100840336134,104.7,360,760,"180,380",importConditions,FALSE,FALSE
CrowdingReadingAcuity_firstSess11,LoudAquaCow870,1743448437.028,"0,0","180,380",,3,3_2,2,,1,30.252100840336134,104.7,360,760,"180,380",importConditions,FALSE,FALSE
CrowdingReadingAcuity_firstSess11,LoudAquaCow870,1743448437.044,"0,0","180,380",,3,3_2,2,,1,30.252100840336134,104.7,360,760,"180,380",importConditions,FALSE,FALSE
CrowdingReadingAcuity_firstSess11,LoudAquaCow870,1743448437.06,"0,0","180,380",,3,3_2,2,,1,30.252100840336134,104.7,360,760,"180,380",importConditions,FALSE,FALSE
CrowdingReadingAcuity_firstSess11,LoudAquaCow870,1743448437.076,"0,0","180,380",,3,3_2,2,,1,30.252100840336134,104.7,360,760,"180,380",importConditions,FALSE,FALSE
CrowdingReadingAcuity_firstSess11,LoudAquaCow870,1743448437.093,"0,0","180,380",,3,3_2,2,,1,30.252100840336134,104.7,360,760,"180,380",importConditions,FALSE,FALSE
CrowdingReadingAcuity_firstSess11,LoudAquaCow870,1743448437.108,"0,0","180,380",,3,3_2,2,,1,30.252100840336134,104.7,360,760,"180,380",importConditions,FALSE,FALSE
CrowdingReadingAcuity_firstSess11,LoudAquaCow870,1743448437.124,"0,0","180,380",,3,3_2,2,,1,30.252100840336134,104.7,360,760,"180,380",importConditions,FALSE,FALSE
CrowdingReadingAcuity_firstSess11,LoudAquaCow870,1743448437.14,"0,0","180,380",,3,3_2,2,,1,30.252100840336134,104.7,360,760,"180,380",importConditions,FALSE,FALSE
CrowdingReadingAcuity_firstSess11,LoudAquaCow870,1743448437.156,"0,0","180,380",,3,3_2,2,,1,30.252100840336134,104.7,360,760,"180,380",importConditions,FALSE,FALSE
CrowdingReadingAcuity_firstSess11,LoudAquaCow870,1743448437.172,"0,0","180,380",,3,3_2,2,,1,30.252100840336134,104.7,360,760,"180,380",importConditions,FALSE,FALSE
CrowdingReadingAcuity_firstSess11,LoudAquaCow870,1743448437.189,"0,0","180,380",,3,3_2,2,,1,30.252100840336134,104.7,360,760,"180,380",importConditions,FALSE,FALSE
CrowdingReadingAcuity_firstSess11,LoudAquaCow870,1743448437.205,"0,0","180,380",,3,3_2,2,,1,30.252100840336134,104.7,360,760,"180,380",importConditions,FALSE,FALSE
CrowdingReadingAcuity_firstSess11,LoudAquaCow870,1743448437.22,"0,0","180,380",,3,3_2,2,,1,30.252100840336134,104.7,360,760,"180,380",importConditions,FALSE,FALSE
CrowdingReadingAcuity_firstSess11,LoudAquaCow870,1743448437.236,"0,0","180,380",,3,3_2,2,,1,30.252100840336134,104.7,360,760,"180,380",importConditions,FALSE,FALSE
CrowdingReadingAcuity_firstSess11,LoudAquaCow870,1743448437.253,"0,0","180,380",,3,3_2,2,,1,30.252100840336134,104.7,360,760,"180,380",importConditions,FALSE,FALSE
CrowdingReadingAcuity_firstSess11,LoudAquaCow870,1743448437.268,"0,0","180,380",,3,3_2,2,,1,30.252100840336134,104.7,360,760,"180,380",importConditions,FALSE,FALSE
CrowdingReadingAcuity_firstSess11,LoudAquaCow870,1743448437.284,"0,0","180,380",,3,3_2,2,,1,30.252100840336134,104.7,360,760,"180,380",importConditions,FALSE,FALSE
CrowdingReadingAcuity_firstSess11,LoudAquaCow870,1743448437.301,"0,0","180,380",,3,3_2,2,,1,30.252100840336134,104.7,360,760,"180,380",importConditions,FALSE,FALSE
CrowdingReadingAcuity_firstSess11,LoudAquaCow870,1743448437.317,"0,0","180,380",,3,3_2,2,,1,30.252100840336134,104.7,360,760,"180,380",importConditions,FALSE,FALSE
CrowdingReadingAcuity_firstSess11,LoudAquaCow870,1743448437.332,"0,0","180,380",,3,3_2,2,,1,30.252100840336134,104.7,360,760,"180,380",importConditions,FALSE,FALSE
CrowdingReadingAcuity_firstSess11,LoudAquaCow870,1743448437.35,"0,0","180,380",,3,3_2,2,,1,30.252100840336134,104.7,360,760,"180,380",importConditions,FALSE,FALSE
CrowdingReadingAcuity_firstSess11,LoudAquaCow870,1743448437.366,"0,0","180,380",,3,3_2,2,,1,30.252100840336134,104.7,360,760,"180,380",importConditions,FALSE,FALSE
CrowdingReadingAcuity_firstSess11,LoudAquaCow870,1743448437.38,"0,0","180,380",,3,3_2,2,,1,30.252100840336134,104.7,360,760,"180,380",importConditions,FALSE,FALSE
CrowdingReadingAcuity_firstSess11,LoudAquaCow870,1743448437.397,"0,0","180,380",,3,3_2,2,,1,30.252100840336134,104.7,360,760,"180,380",importConditions,FALSE,FALSE
CrowdingReadingAcuity_firstSess11,LoudAquaCow870,1743448437.412,"0,0","180,380",,3,3_2,2,,1,30.252100840336134,104.7,360,760,"180,380",importConditions,FALSE,FALSE
CrowdingReadingAcuity_firstSess11,LoudAquaCow870,1743448437.428,"0,0","180,380",,3,3_2,2,,1,30.252100840336134,104.7,360,760,"180,380",importConditions,FALSE,FALSE
CrowdingReadingAcuity_firstSess11,LoudAquaCow870,1743448437.444,"0,0","180,380",,3,3_2,2,,1,30.252100840336134,104.7,360,760,"180,380",importConditions,FALSE,FALSE
CrowdingReadingAcuity_firstSess11,LoudAquaCow870,1743448437.46,"0,0","180,380",,3,3_2,2,,1,30.252100840336134,104.7,360,760,"180,380",importConditions,FALSE,FALSE
CrowdingReadingAcuity_firstSess11,LoudAquaCow870,1743448437.476,"0,0","180,380",,3,3_2,2,,1,30.252100840336134,104.7,360,760,"180,380",importConditions,FALSE,FALSE
CrowdingReadingAcuity_firstSess11,LoudAquaCow870,1743448437.493,"0,0","180,380",,3,3_2,2,,1,30.252100840336134,104.7,360,760,"180,380",importConditions,FALSE,FALSE
CrowdingReadingAcuity_firstSess11,LoudAquaCow870,1743448437.508,"0,0","180,380",,3,3_2,2,,1,30.252100840336134,104.7,360,760,"180,380",importConditions,FALSE,FALSE
CrowdingReadingAcuity_firstSess11,LoudAquaCow870,1743448437.524,"0,0","180,380",,3,3_2,2,,1,30.252100840336134,104.7,360,760,"180,380",importConditions,FALSE,FALSE
CrowdingReadingAcuity_firstSess11,LoudAquaCow870,1743448437.54,"0,0","180,380",,3,3_2,2,,1,30.252100840336134,104.7,360,760,"180,380",importConditions,FALSE,FALSE
CrowdingReadingAcuity_firstSess11,LoudAquaCow870,1743448437.556,"0,0","180,380",,3,3_2,2,,1,30.252100840336134,104.7,360,760,"180,380",importConditions,FALSE,FALSE
CrowdingReadingAcuity_firstSess11,LoudAquaCow870,1743448437.572,"0,0","180,380",,3,3_2,2,,1,30.252100840336134,104.7,360,760,"180,380",importConditions,FALSE,FALSE
CrowdingReadingAcuity_firstSess11,LoudAquaCow870,1743448437.588,"0,0","180,380",,3,3_2,2,,1,30.252100840336134,104.7,360,760,"180,380",importConditions,FALSE,FALSE
CrowdingReadingAcuity_firstSess11,LoudAquaCow870,1743448437.604,"0,0","180,380",,3,3_2,2,,1,30.252100840336134,104.7,360,760,"180,380",importConditions,FALSE,FALSE
CrowdingReadingAcuity_firstSess11,LoudAquaCow870,1743448437.62,"0,0","180,380",,3,3_2,2,,1,30.252100840336134,104.7,360,760,"180,380",importConditions,FALSE,FALSE
CrowdingReadingAcuity_firstSess11,LoudAquaCow870,1743448437.636,"0,0","180,380",,3,3_2,2,,1,30.252100840336134,104.7,360,760,"180,380",importConditions,FALSE,FALSE
CrowdingReadingAcuity_firstSess11,LoudAquaCow870,1743448437.653,"0,0","180,380",,3,3_2,2,,1,30.252100840336134,104.7,360,760,"180,380",importConditions,FALSE,FALSE
CrowdingReadingAcuity_firstSess11,LoudAquaCow870,1743448437.668,"0,0","180,380",,3,3_2,2,,1,30.252100840336134,104.7,360,760,"180,380",importConditions,FALSE,FALSE
CrowdingReadingAcuity_firstSess11,LoudAquaCow870,1743448437.684,"0,0","180,380",,3,3_2,2,,1,30.252100840336134,104.7,360,760,"180,380",importConditions,FALSE,FALSE
CrowdingReadingAcuity_firstSess11,LoudAquaCow870,1743448437.702,"0,0","180,380",,3,3_2,2,,1,30.252100840336134,104.7,360,760,"180,380",importConditions,FALSE,FALSE
CrowdingReadingAcuity_firstSess11,LoudAquaCow870,1743448437.718,"0,0","180,380",,3,3_2,2,,1,30.252100840336134,104.7,360,760,"180,380",importConditions,FALSE,FALSE
CrowdingReadingAcuity_firstSess11,LoudAquaCow870,1743448437.732,"0,0","180,380",,3,3_2,2,,1,30.252100840336134,104.7,360,760,"180,380",importConditions,FALSE,FALSE
CrowdingReadingAcuity_firstSess11,LoudAquaCow870,1743448437.749,"0,0","180,380",,3,3_2,2,,1,30.252100840336134,104.7,360,760,"180,380",importConditions,FALSE,FALSE
CrowdingReadingAcuity_firstSess11,LoudAquaCow870,1743448437.764,"0,0","180,380",,3,3_2,2,,1,30.252100840336134,104.7,360,760,"180,380",importConditions,FALSE,FALSE
CrowdingReadingAcuity_firstSess11,LoudAquaCow870,1743448437.78,"0,0","180,380",,3,3_2,2,,1,30.252100840336134,104.7,360,760,"180,380",importConditions,FALSE,FALSE
CrowdingReadingAcuity_firstSess11,LoudAquaCow870,1743448437.797,"0,0","180,380",,3,3_2,2,,1,30.252100840336134,104.7,360,760,"180,380",importConditions,FALSE,FALSE
CrowdingReadingAcuity_firstSess11,LoudAquaCow870,1743448437.812,"0,0","180,380",,3,3_2,2,,1,30.252100840336134,104.7,360,760,"180,380",importConditions,FALSE,FALSE
CrowdingReadingAcuity_firstSess11,LoudAquaCow870,1743448437.828,"0,0","180,380",,3,3_2,2,,1,30.252100840336134,104.7,360,760,"180,380",importConditions,FALSE,FALSE
CrowdingReadingAcuity_firstSess11,LoudAquaCow870,1743448437.844,"0,0","180,380",,3,3_2,2,,1,30.252100840336134,104.7,360,760,"180,380",importConditions,FALSE,FALSE
CrowdingReadingAcuity_firstSess11,LoudAquaCow870,1743448437.86,"0,0","180,380",,3,3_2,2,,1,30.252100840336134,104.7,360,760,"180,380",importConditions,FALSE,FALSE
CrowdingReadingAcuity_firstSess11,LoudAquaCow870,1743448437.876,"0,0","180,380",,3,3_2,2,,1,30.252100840336134,104.7,360,760,"180,380",importConditions,FALSE,FALSE
CrowdingReadingAcuity_firstSess11,LoudAquaCow870,1743448437.892,"0,0","180,380",,3,3_2,2,,1,30.252100840336134,104.7,360,760,"180,380",importConditions,FALSE,FALSE
CrowdingReadingAcuity_firstSess11,LoudAquaCow870,1743448437.908,"0,0","180,380",,3,3_2,2,,1,30.252100840336134,104.7,360,760,"180,380",importConditions,FALSE,FALSE
CrowdingReadingAcuity_firstSess11,LoudAquaCow870,1743448437.924,"0,0","180,380",,3,3_2,2,,1,30.252100840336134,104.7,360,760,"180,380",importConditions,FALSE,FALSE
CrowdingReadingAcuity_firstSess11,LoudAquaCow870,1743448437.94,"0,0","180,380",,3,3_2,2,,1,30.252100840336134,104.7,360,760,"180,380",importConditions,FALSE,FALSE
CrowdingReadingAcuity_firstSess11,LoudAquaCow870,1743448437.956,"0,0","180,380",,3,3_2,2,,1,30.252100840336134,104.7,360,760,"180,380",importConditions,FALSE,FALSE
CrowdingReadingAcuity_firstSess11,LoudAquaCow870,1743448437.972,"0,0","180,380",,3,3_2,2,,1,30.252100840336134,104.7,360,760,"180,380",importConditions,FALSE,FALSE
CrowdingReadingAcuity_firstSess11,LoudAquaCow870,1743448437.988,"0,0","180,380",,3,3_2,2,,1,30.252100840336134,104.7,360,760,"180,380",importConditions,FALSE,FALSE
CrowdingReadingAcuity_firstSess11,LoudAquaCow870,1743448438.004,"0,0","180,380",,3,3_2,2,,1,30.252100840336134,104.7,360,760,"180,380",importConditions,FALSE,FALSE
CrowdingReadingAcuity_firstSess11,LoudAquaCow870,1743448438.02,"0,0","180,380",,3,3_2,2,,1,30.252100840336134,104.7,360,760,"180,380",importConditions,FALSE,FALSE
CrowdingReadingAcuity_firstSess11,LoudAquaCow870,1743448438.036,"0,0","180,380",,3,3_2,2,,1,30.252100840336134,104.7,360,760,"180,380",importConditions,FALSE,FALSE
CrowdingReadingAcuity_firstSess11,LoudAquaCow870,1743448438.052,"0,0","180,380",,3,3_2,2,,1,30.252100840336134,104.7,360,760,"180,380",importConditions,FALSE,FALSE
CrowdingReadingAcuity_firstSess11,LoudAquaCow870,1743448438.068,"0,0","180,380",,3,3_2,2,,1,30.252100840336134,104.7,360,760,"180,380",importConditions,FALSE,FALSE
CrowdingReadingAcuity_firstSess11,LoudAquaCow870,1743448438.084,"0,0","180,380",,3,3_2,2,,1,30.252100840336134,104.7,360,760,"180,380",importConditions,FALSE,FALSE
CrowdingReadingAcuity_firstSess11,LoudAquaCow870,1743448438.102,"0,0","180,380",,3,3_2,2,,1,30.252100840336134,104.7,360,760,"180,380",importConditions,FALSE,FALSE
CrowdingReadingAcuity_firstSess11,LoudAquaCow870,1743448438.12,"0,0","180,380",,3,3_2,2,,1,30.252100840336134,104.7,360,760,"180,380",importConditions,FALSE,FALSE
CrowdingReadingAcuity_firstSess11,LoudAquaCow870,1743448438.132,"0,0","180,380",,3,3_2,2,,1,30.252100840336134,104.7,360,760,"180,380",importConditions,FALSE,FALSE
CrowdingReadingAcuity_firstSess11,LoudAquaCow870,1743448438.149,"0,0","180,380",,3,3_2,2,,1,30.252100840336134,104.7,360,760,"180,380",importConditions,FALSE,FALSE
CrowdingReadingAcuity_firstSess11,LoudAquaCow870,1743448438.164,"0,0","180,380",,3,3_2,2,,1,30.252100840336134,104.7,360,760,"180,380",importConditions,FALSE,FALSE
CrowdingReadingAcuity_firstSess11,LoudAquaCow870,1743448438.18,"0,0","180,380",,3,3_2,2,,1,30.252100840336134,104.7,360,760,"180,380",importConditions,FALSE,FALSE
CrowdingReadingAcuity_firstSess11,LoudAquaCow870,1743448438.197,"0,0","180,380",,3,3_2,2,,1,30.252100840336134,104.7,360,760,"180,380",importConditions,FALSE,FALSE
CrowdingReadingAcuity_firstSess11,LoudAquaCow870,1743448438.213,"0,0","180,380",,3,3_2,2,,1,30.252100840336134,104.7,360,760,"180,380",importConditions,FALSE,FALSE
CrowdingReadingAcuity_firstSess11,LoudAquaCow870,1743448438.228,"0,0","180,380",,3,3_2,2,,1,30.252100840336134,104.7,360,760,"180,380",importConditions,FALSE,FALSE
CrowdingReadingAcuity_firstSess11,LoudAquaCow870,1743448438.244,"0,0","180,380",,3,3_2,2,,1,30.252100840336134,104.7,360,760,"180,380",importConditions,FALSE,FALSE
CrowdingReadingAcuity_firstSess11,LoudAquaCow870,1743448438.26,"0,0","180,380",,3,3_2,2,,1,30.252100840336134,104.7,360,760,"180,380",importConditions,FALSE,FALSE
CrowdingReadingAcuity_firstSess11,LoudAquaCow870,1743448438.276,"0,0","180,380",,3,3_2,2,,1,30.252100840336134,104.7,360,760,"180,380",importConditions,FALSE,FALSE
CrowdingReadingAcuity_firstSess11,LoudAquaCow870,1743448438.294,"0,0","180,380",,3,3_2,2,,1,30.252100840336134,104.7,360,760,"180,380",importConditions,FALSE,FALSE
CrowdingReadingAcuity_firstSess11,LoudAquaCow870,1743448438.308,"0,0","180,380",,3,3_2,2,,1,30.252100840336134,104.7,360,760,"180,380",importConditions,FALSE,FALSE
CrowdingReadingAcuity_firstSess11,LoudAquaCow870,1743448438.324,"0,0","180,380",,3,3_2,2,,1,30.252100840336134,104.7,360,760,"180,380",importConditions,FALSE,FALSE
CrowdingReadingAcuity_firstSess11,LoudAquaCow870,1743448438.34,"0,0","180,380",,3,3_2,2,,1,30.252100840336134,104.7,360,760,"180,380",importConditions,FALSE,FALSE
CrowdingReadingAcuity_firstSess11,LoudAquaCow870,1743448438.356,"0,0","180,380",,3,3_2,2,,1,30.252100840336134,104.7,360,760,"180,380",importConditions,FALSE,FALSE
CrowdingReadingAcuity_firstSess11,LoudAquaCow870,1743448438.372,"0,0","180,380",,3,3_2,2,,1,30.252100840336134,104.7,360,760,"180,380",importConditions,FALSE,FALSE
CrowdingReadingAcuity_firstSess11,LoudAquaCow870,1743448438.389,"0,0","180,380",,3,3_2,2,,1,30.252100840336134,104.7,360,760,"180,380",importConditions,FALSE,FALSE
CrowdingReadingAcuity_firstSess11,LoudAquaCow870,1743448438.404,"0,0","180,380",,3,3_2,2,,1,30.252100840336134,104.7,360,760,"180,380",importConditions,FALSE,FALSE
CrowdingReadingAcuity_firstSess11,LoudAquaCow870,1743448438.421,"0,0","180,380",,3,3_2,2,,1,30.252100840336134,104.7,360,760,"180,380",importConditions,FALSE,FALSE
CrowdingReadingAcuity_firstSess11,LoudAquaCow870,1743448438.437,"0,0","180,380",,3,3_2,2,,1,30.252100840336134,104.7,360,760,"180,380",importConditions,FALSE,FALSE
CrowdingReadingAcuity_firstSess11,LoudAquaCow870,1743448438.452,"0,0","180,380",,3,3_2,2,,1,30.252100840336134,104.7,360,760,"180,380",importConditions,FALSE,FALSE
CrowdingReadingAcuity_firstSess11,LoudAquaCow870,1743448438.468,"0,0","180,380",,3,3_2,2,,1,30.252100840336134,104.7,360,760,"180,380",importConditions,FALSE,FALSE
CrowdingReadingAcuity_firstSess11,LoudAquaCow870,1743448438.484,"0,0","180,380",,3,3_2,2,,1,30.252100840336134,104.7,360,760,"180,380",importConditions,FALSE,FALSE
CrowdingReadingAcuity_firstSess11,LoudAquaCow870,1743448438.5,"0,0","180,380",,3,3_2,2,,1,30.252100840336134,104.7,360,760,"180,380",importConditions,FALSE,FALSE
CrowdingReadingAcuity_firstSess11,LoudAquaCow870,1743448438.516,"0,0","180,380",,3,3_2,2,,1,30.252100840336134,104.7,360,760,"180,380",importConditions,FALSE,FALSE
CrowdingReadingAcuity_firstSess11,LoudAquaCow870,1743448438.532,"0,0","180,380",,3,3_2,2,,1,30.252100840336134,104.7,360,760,"180,380",importConditions,FALSE,FALSE
CrowdingReadingAcuity_firstSess11,LoudAquaCow870,1743448438.548,"0,0","180,380",,3,3_2,2,,1,30.252100840336134,104.7,360,760,"180,380",importConditions,FALSE,FALSE
CrowdingReadingAcuity_firstSess11,LoudAquaCow870,1743448438.564,"0,0","180,380",,3,3_2,2,,1,30.252100840336134,104.7,360,760,"180,380",importConditions,FALSE,FALSE
CrowdingReadingAcuity_firstSess11,LoudAquaCow870,1743448438.58,"0,0","180,380",,3,3_2,2,,1,30.252100840336134,104.7,360,760,"180,380",importConditions,FALSE,FALSE
CrowdingReadingAcuity_firstSess11,LoudAquaCow870,1743448438.596,"0,0","180,380",,3,3_2,2,,1,30.252100840336134,104.7,360,760,"180,380",importConditions,FALSE,FALSE
CrowdingReadingAcuity_firstSess11,LoudAquaCow870,1743448438.612,"0,0","180,380",,3,3_2,2,,1,30.252100840336134,104.7,360,760,"180,380",importConditions,FALSE,FALSE
CrowdingReadingAcuity_firstSess11,LoudAquaCow870,1743448438.628,"0,0","180,380",,3,3_2,2,,1,30.252100840336134,104.7,360,760,"180,380",importConditions,FALSE,FALSE
CrowdingReadingAcuity_firstSess11,LoudAquaCow870,1743448438.644,"0,0","180,380",,3,3_2,2,,1,30.252100840336134,104.7,360,760,"180,380",importConditions,FALSE,FALSE
CrowdingReadingAcuity_firstSess11,LoudAquaCow870,1743448438.66,"0,0","180,380",,3,3_2,2,,1,30.252100840336134,104.7,360,760,"180,380",importConditions,FALSE,FALSE
CrowdingReadingAcuity_firstSess11,LoudAquaCow870,1743448438.676,"0,0","180,380",,3,3_2,2,,1,30.252100840336134,104.7,360,760,"180,380",importConditions,FALSE,FALSE
CrowdingReadingAcuity_firstSess11,LoudAquaCow870,1743448438.692,"0,0","180,380",,3,3_2,2,,1,30.252100840336134,104.7,360,760,"180,380",importConditions,FALSE,FALSE
CrowdingReadingAcuity_firstSess11,LoudAquaCow870,1743448438.708,"0,0","180,380",,3,3_2,2,,1,30.252100840336134,104.7,360,760,"180,380",importConditions,FALSE,FALSE
CrowdingReadingAcuity_firstSess11,LoudAquaCow870,1743448438.724,"0,0","180,380",,3,3_2,2,,1,30.252100840336134,104.7,360,760,"180,380",importConditions,FALSE,FALSE
CrowdingReadingAcuity_firstSess11,LoudAquaCow870,1743448438.847,"0,0","180,380",,3,3_2,2,,1,30.252100840336134,104.7,360,760,"180,380",importConditions,FALSE,FALSE
CrowdingReadingAcuity_firstSess11,LoudAquaCow870,1743448438.852,"0,0","180,380",,3,3_2,2,,1,30.252100840336134,104.7,360,760,"180,380",importConditions,FALSE,FALSE
CrowdingReadingAcuity_firstSess11,LoudAquaCow870,1743448438.868,"0,0","180,380",,3,3_2,2,,1,30.252100840336134,104.7,360,760,"180,380",importConditions,FALSE,FALSE
CrowdingReadingAcuity_firstSess11,LoudAquaCow870,1743448438.884,"0,0","180,380",,3,3_2,2,,1,30.252100840336134,104.7,360,760,"180,380",importConditions,FALSE,FALSE
CrowdingReadingAcuity_firstSess11,LoudAquaCow870,1743448438.9,"0,0","180,380",,3,3_2,2,,1,30.252100840336134,104.7,360,760,"180,380",importConditions,FALSE,FALSE
CrowdingReadingAcuity_firstSess11,LoudAquaCow870,1743448438.916,"0,0","180,380",,3,3_2,2,,1,30.252100840336134,104.7,360,760,"180,380",importConditions,FALSE,FALSE
CrowdingReadingAcuity_firstSess11,LoudAquaCow870,1743448438.932,"0,0","180,380",,3,3_2,2,,1,30.252100840336134,104.7,360,760,"180,380",importConditions,FALSE,FALSE
CrowdingReadingAcuity_firstSess11,LoudAquaCow870,1743448438.948,"0,0","180,380",,3,3_2,2,,1,30.252100840336134,104.7,360,760,"180,380",importConditions,FALSE,FALSE
CrowdingReadingAcuity_firstSess11,LoudAquaCow870,1743448438.964,"0,0","180,380",,3,3_2,2,,1,30.252100840336134,104.7,360,760,"180,380",importConditions,FALSE,FALSE
CrowdingReadingAcuity_firstSess11,LoudAquaCow870,1743448438.98,"0,0","180,380",,3,3_2,2,,1,30.252100840336134,104.7,360,760,"180,380",importConditions,FALSE,FALSE
CrowdingReadingAcuity_firstSess11,LoudAquaCow870,1743448438.997,"0,0","180,380",,3,3_2,2,,1,30.252100840336134,104.7,360,760,"180,380",importConditions,FALSE,FALSE
CrowdingReadingAcuity_firstSess11,LoudAquaCow870,1743448439.012,"0,0","180,380",,3,3_2,2,,1,30.252100840336134,104.7,360,760,"180,380",importConditions,FALSE,FALSE
CrowdingReadingAcuity_firstSess11,LoudAquaCow870,1743448439.028,"0,0","180,380",,3,3_2,2,,1,30.252100840336134,104.7,360,760,"180,380",importConditions,FALSE,FALSE
CrowdingReadingAcuity_firstSess11,LoudAquaCow870,1743448439.044,"0,0","180,380",,3,3_2,2,,1,30.252100840336134,104.7,360,760,"180,380",importConditions,FALSE,FALSE
CrowdingReadingAcuity_firstSess11,LoudAquaCow870,1743448439.06,"0,0","180,380",,3,3_2,2,,1,30.252100840336134,104.7,360,760,"180,380",importConditions,FALSE,FALSE
CrowdingReadingAcuity_firstSess11,LoudAquaCow870,1743448439.076,"0,0","180,380",,3,3_2,2,,1,30.252100840336134,104.7,360,760,"180,380",importConditions,FALSE,FALSE
CrowdingReadingAcuity_firstSess11,LoudAquaCow870,1743448439.092,"0,0","180,380",,3,3_2,2,,1,30.252100840336134,104.7,360,760,"180,380",importConditions,FALSE,FALSE
CrowdingReadingAcuity_firstSess11,LoudAquaCow870,1743448439.108,"0,0","180,380",,3,3_2,2,,1,30.252100840336134,104.7,360,760,"180,380",importConditions,FALSE,FALSE
CrowdingReadingAcuity_firstSess11,LoudAquaCow870,1743448439.124,"0,0","180,380",,3,3_2,2,,1,30.252100840336134,104.7,360,760,"180,380",importConditions,FALSE,FALSE
CrowdingReadingAcuity_firstSess11,LoudAquaCow870,1743448439.14,"0,0","180,380",,3,3_2,2,,1,30.252100840336134,104.7,360,760,"180,380",importConditions,FALSE,FALSE
CrowdingReadingAcuity_firstSess11,LoudAquaCow870,1743448439.156,"0,0","180,380",,3,3_2,2,,1,30.252100840336134,104.7,360,760,"180,380",importConditions,FALSE,FALSE
CrowdingReadingAcuity_firstSess11,LoudAquaCow870,1743448439.172,"0,0","180,380",,3,3_2,2,,1,30.252100840336134,104.7,360,760,"180,380",importConditions,FALSE,FALSE
CrowdingReadingAcuity_firstSess11,LoudAquaCow870,1743448439.189,"0,0","180,380",,3,3_2,2,,1,30.252100840336134,104.7,360,760,"180,380",importConditions,FALSE,FALSE
CrowdingReadingAcuity_firstSess11,LoudAquaCow870,1743448439.204,"0,0","180,380",,3,3_2,2,,1,30.252100840336134,104.7,360,760,"180,380",importConditions,FALSE,FALSE
CrowdingReadingAcuity_firstSess11,LoudAquaCow870,1743448439.22,"0,0","180,380",,3,3_2,2,,1,30.252100840336134,104.7,360,760,"180,380",importConditions,FALSE,FALSE
CrowdingReadingAcuity_firstSess11,LoudAquaCow870,1743448439.237,"0,0","180,380",,3,3_2,2,,1,30.252100840336134,104.7,360,760,"180,380",importConditions,FALSE,FALSE
CrowdingReadingAcuity_firstSess11,LoudAquaCow870,1743448439.253,"0,0","180,380",,3,3_2,2,,1,30.252100840336134,104.7,360,760,"180,380",importConditions,FALSE,FALSE
CrowdingReadingAcuity_firstSess11,LoudAquaCow870,1743448439.268,"0,0","180,380",,3,3_2,2,,1,30.252100840336134,104.7,360,760,"180,380",importConditions,FALSE,FALSE
CrowdingReadingAcuity_firstSess11,LoudAquaCow870,1743448439.285,"0,0","180,380",,3,3_2,2,,1,30.252100840336134,104.7,360,760,"180,380",importConditions,FALSE,FALSE
CrowdingReadingAcuity_firstSess11,LoudAquaCow870,1743448439.3,"0,0","180,380",,3,3_2,2,,1,30.252100840336134,104.7,360,760,"180,380",importConditions,FALSE,FALSE
CrowdingReadingAcuity_firstSess11,LoudAquaCow870,1743448439.316,"0,0","180,380",,3,3_2,2,,1,30.252100840336134,104.7,360,760,"180,380",importConditions,FALSE,FALSE
CrowdingReadingAcuity_firstSess11,LoudAquaCow870,1743448439.332,"0,0","180,380",,3,3_2,2,,1,30.252100840336134,104.7,360,760,"180,380",importConditions,FALSE,FALSE
CrowdingReadingAcuity_firstSess11,LoudAquaCow870,1743448439.348,"0,0","180,380",,3,3_2,2,,1,30.252100840336134,104.7,360,760,"180,380",importConditions,FALSE,FALSE
CrowdingReadingAcuity_firstSess11,LoudAquaCow870,1743448439.364,"0,0","180,380",,3,3_2,2,,1,30.252100840336134,104.7,360,760,"180,380",importConditions,FALSE,FALSE
CrowdingReadingAcuity_firstSess11,LoudAquaCow870,1743448439.38,"0,0","180,380",,3,3_2,2,,1,30.252100840336134,104.7,360,760,"180,380",importConditions,FALSE,FALSE
CrowdingReadingAcuity_firstSess11,LoudAquaCow870,1743448439.396,"0,0","180,380",,3,3_2,2,,1,30.252100840336134,104.7,360,760,"180,380",importConditions,FALSE,FALSE
CrowdingReadingAcuity_firstSess11,LoudAquaCow870,1743448439.412,"0,0","180,380",,3,3_2,2,,1,30.252100840336134,104.7,360,760,"180,380",importConditions,FALSE,FALSE
CrowdingReadingAcuity_firstSess11,LoudAquaCow870,1743448439.429,"0,0","180,380",,3,3_2,2,,1,30.252100840336134,104.7,360,760,"180,380",importConditions,FALSE,FALSE
CrowdingReadingAcuity_firstSess11,LoudAquaCow870,1743448439.444,"0,0","180,380",,3,3_2,2,,1,30.252100840336134,104.7,360,760,"180,380",importConditions,FALSE,FALSE
CrowdingReadingAcuity_firstSess11,LoudAquaCow870,1743448439.46,"0,0","180,380",,3,3_2,2,,1,30.252100840336134,104.7,360,760,"180,380",importConditions,FALSE,FALSE
CrowdingReadingAcuity_firstSess11,LoudAquaCow870,1743448439.477,"0,0","180,380",,3,3_2,2,,1,30.252100840336134,104.7,360,760,"180,380",importConditions,FALSE,FALSE
CrowdingReadingAcuity_firstSess11,LoudAquaCow870,1743448439.493,"0,0","180,380",,3,3_2,2,,1,30.252100840336134,104.7,360,760,"180,380",importConditions,FALSE,FALSE
CrowdingReadingAcuity_firstSess11,LoudAquaCow870,1743448439.509,"0,0","180,380",,3,3_2,2,,1,30.252100840336134,104.7,360,760,"180,380",importConditions,FALSE,FALSE
CrowdingReadingAcuity_firstSess11,LoudAquaCow870,1743448439.524,"0,0","180,380",,3,3_2,2,,1,30.252100840336134,104.7,360,760,"180,380",importConditions,FALSE,FALSE
CrowdingReadingAcuity_firstSess11,LoudAquaCow870,1743448439.54,"0,0","180,380",,3,3_2,2,,1,30.252100840336134,104.7,360,760,"180,380",importConditions,FALSE,FALSE
CrowdingReadingAcuity_firstSess11,LoudAquaCow870,1743448439.557,"0,0","180,380",,3,3_2,2,,1,30.252100840336134,104.7,360,760,"180,380",importConditions,FALSE,FALSE
CrowdingReadingAcuity_firstSess11,LoudAquaCow870,1743448439.575,"0,0","180,380",,3,3_2,2,,1,30.252100840336134,104.7,360,760,"180,380",importConditions,FALSE,FALSE
CrowdingReadingAcuity_firstSess11,LoudAquaCow870,1743448439.588,"0,0","180,380",,3,3_2,2,,1,30.252100840336134,104.7,360,760,"180,380",importConditions,FALSE,FALSE
CrowdingReadingAcuity_firstSess11,LoudAquaCow870,1743448439.604,"0,0","180,380",,3,3_2,2,,1,30.252100840336134,104.7,360,760,"180,380",importConditions,FALSE,FALSE
CrowdingReadingAcuity_firstSess11,LoudAquaCow870,1743448439.621,"0,0","180,380",,3,3_2,2,,1,30.252100840336134,104.7,360,760,"180,380",importConditions,FALSE,FALSE
CrowdingReadingAcuity_firstSess11,LoudAquaCow870,1743448439.637,"0,0","180,380",,3,3_2,2,,1,30.252100840336134,104.7,360,760,"180,380",importConditions,FALSE,FALSE
CrowdingReadingAcuity_firstSess11,LoudAquaCow870,1743448439.652,"0,0","180,380",,3,3_2,2,,1,30.252100840336134,104.7,360,760,"180,380",importConditions,FALSE,FALSE
CrowdingReadingAcuity_firstSess11,LoudAquaCow870,1743448439.668,"0,0","180,380",,3,3_2,2,,1,30.252100840336134,104.7,360,760,"180,380",importConditions,FALSE,FALSE
CrowdingReadingAcuity_firstSess11,LoudAquaCow870,1743448439.684,"0,0","180,380",,3,3_2,2,,1,30.252100840336134,104.7,360,760,"180,380",importConditions,FALSE,FALSE
CrowdingReadingAcuity_firstSess11,LoudAquaCow870,1743448439.7,"0,0","180,380",,3,3_2,2,,1,30.252100840336134,104.7,360,760,"180,380",importConditions,FALSE,FALSE
CrowdingReadingAcuity_firstSess11,LoudAquaCow870,1743448439.717,"0,0","180,380",,3,3_2,2,,1,30.252100840336134,104.7,360,760,"180,380",importConditions,FALSE,FALSE
CrowdingReadingAcuity_firstSess11,LoudAquaCow870,1743448439.732,"0,0","180,380",,3,3_2,2,,1,30.252100840336134,104.7,360,760,"180,380",importConditions,FALSE,FALSE
CrowdingReadingAcuity_firstSess11,LoudAquaCow870,1743448439.748,"0,0","180,380",,3,3_2,2,,1,30.252100840336134,104.7,360,760,"180,380",importConditions,FALSE,FALSE
CrowdingReadingAcuity_firstSess11,LoudAquaCow870,1743448439.764,"0,0","180,380",,3,3_2,2,,1,30.252100840336134,104.7,360,760,"180,380",importConditions,FALSE,FALSE
CrowdingReadingAcuity_firstSess11,LoudAquaCow870,1743448439.781,"0,0","180,380",,3,3_2,2,,1,30.252100840336134,104.7,360,760,"180,380",importConditions,FALSE,FALSE
CrowdingReadingAcuity_firstSess11,LoudAquaCow870,1743448439.796,"0,0","180,380",,3,3_2,2,,1,30.252100840336134,104.7,360,760,"180,380",importConditions,FALSE,FALSE
CrowdingReadingAcuity_firstSess11,LoudAquaCow870,1743448439.812,"0,0","180,380",,3,3_2,2,,1,30.252100840336134,104.7,360,760,"180,380",importConditions,FALSE,FALSE
CrowdingReadingAcuity_firstSess11,LoudAquaCow870,1743448439.829,"0,0","180,380",,3,3_2,2,,1,30.252100840336134,104.7,360,760,"180,380",importConditions,FALSE,FALSE
CrowdingReadingAcuity_firstSess11,LoudAquaCow870,1743448439.845,"0,0","180,380",,3,3_2,2,,1,30.252100840336134,104.7,360,760,"180,380",importConditions,FALSE,FALSE
CrowdingReadingAcuity_firstSess11,LoudAquaCow870,1743448439.861,"0,0","180,380",,3,3_2,2,,1,30.252100840336134,104.7,360,760,"180,380",importConditions,FALSE,FALSE
CrowdingReadingAcuity_firstSess11,LoudAquaCow870,1743448439.876,"0,0","180,380",,3,3_2,2,,1,30.252100840336134,104.7,360,760,"180,380",importConditions,FALSE,FALSE
CrowdingReadingAcuity_firstSess11,LoudAquaCow870,1743448439.892,"0,0","180,380",,3,3_2,2,,1,30.252100840336134,104.7,360,760,"180,380",importConditions,FALSE,FALSE
CrowdingReadingAcuity_firstSess11,LoudAquaCow870,1743448439.908,"0,0","180,380",,3,3_2,2,,1,30.252100840336134,104.7,360,760,"180,380",importConditions,FALSE,FALSE
CrowdingReadingAcuity_firstSess11,LoudAquaCow870,1743448439.925,"0,0","180,380",,3,3_2,2,,1,30.252100840336134,104.7,360,760,"180,380",importConditions,FALSE,FALSE
CrowdingReadingAcuity_firstSess11,LoudAquaCow870,1743448439.94,"0,0","180,380",,3,3_2,2,,1,30.252100840336134,104.7,360,760,"180,380",importConditions,FALSE,FALSE
CrowdingReadingAcuity_firstSess11,LoudAquaCow870,1743448439.956,"0,0","180,380",,3,3_2,2,,1,30.252100840336134,104.7,360,760,"180,380",importConditions,FALSE,FALSE
CrowdingReadingAcuity_firstSess11,LoudAquaCow870,1743448439.977,"0,0","180,380",,3,3_2,2,,1,30.252100840336134,104.7,360,760,"180,380",importConditions,FALSE,FALSE
CrowdingReadingAcuity_firstSess11,LoudAquaCow870,1743448439.989,"0,0","180,380",,3,3_2,2,,1,30.252100840336134,104.7,360,760,"180,380",importConditions,FALSE,FALSE
CrowdingReadingAcuity_firstSess11,LoudAquaCow870,1743448440.004,"0,0","180,380",,3,3_2,2,,1,30.252100840336134,104.7,360,760,"180,380",importConditions,FALSE,FALSE
CrowdingReadingAcuity_firstSess11,LoudAquaCow870,1743448440.079,"0,0","180,380",,3,3_2,2,,1,30.252100840336134,104.7,360,760,"180,380",importConditions,FALSE,FALSE
CrowdingReadingAcuity_firstSess11,LoudAquaCow870,1743448440.084,"0,0","180,380",,3,3_2,2,,1,30.252100840336134,104.7,360,760,"180,380",importConditions,FALSE,FALSE
CrowdingReadingAcuity_firstSess11,LoudAquaCow870,1743448440.101,"0,0","180,380",,3,3_2,2,,1,30.252100840336134,104.7,360,760,"180,380",importConditions,FALSE,FALSE
CrowdingReadingAcuity_firstSess11,LoudAquaCow870,1743448440.116,"0,0","180,380",,3,3_2,2,,1,30.252100840336134,104.7,360,760,"180,380",importConditions,FALSE,FALSE
CrowdingReadingAcuity_firstSess11,LoudAquaCow870,1743448440.133,"0,0","180,380",,3,3_2,2,,1,30.252100840336134,104.7,360,760,"180,380",importConditions,FALSE,FALSE
CrowdingReadingAcuity_firstSess11,LoudAquaCow870,1743448440.148,"0,0","180,380",,3,3_2,2,,1,30.252100840336134,104.7,360,760,"180,380",importConditions,FALSE,FALSE
CrowdingReadingAcuity_firstSess11,LoudAquaCow870,1743448440.164,"0,0","180,380",,3,3_2,2,,1,30.252100840336134,104.7,360,760,"180,380",importConditions,FALSE,FALSE
CrowdingReadingAcuity_firstSess11,LoudAquaCow870,1743448440.18,"0,0","180,380",,3,3_2,2,,1,30.252100840336134,104.7,360,760,"180,380",importConditions,FALSE,FALSE
CrowdingReadingAcuity_firstSess11,LoudAquaCow870,1743448440.196,"0,0","180,380",,3,3_2,2,,1,30.252100840336134,104.7,360,760,"180,380",importConditions,FALSE,FALSE
CrowdingReadingAcuity_firstSess11,LoudAquaCow870,1743448440.212,"0,0","180,380",,3,3_2,2,,1,30.252100840336134,104.7,360,760,"180,380",importConditions,FALSE,FALSE
CrowdingReadingAcuity_firstSess11,LoudAquaCow870,1743448440.229,"0,0","180,380",,3,3_2,2,,1,30.252100840336134,104.7,360,760,"180,380",importConditions,FALSE,FALSE
CrowdingReadingAcuity_firstSess11,LoudAquaCow870,1743448440.245,"0,0","180,380",,3,3_2,2,,1,30.252100840336134,104.7,360,760,"180,380",importConditions,FALSE,FALSE
CrowdingReadingAcuity_firstSess11,LoudAquaCow870,1743448440.26,"0,0","180,380",,3,3_2,2,,1,30.252100840336134,104.7,360,760,"180,380",importConditions,FALSE,FALSE
CrowdingReadingAcuity_firstSess11,LoudAquaCow870,1743448440.277,"0,0","180,380",,3,3_2,2,,1,30.252100840336134,104.7,360,760,"180,380",importConditions,FALSE,FALSE
CrowdingReadingAcuity_firstSess11,LoudAquaCow870,1743448440.292,"0,0","180,380",,3,3_2,2,,1,30.252100840336134,104.7,360,760,"180,380",importConditions,FALSE,FALSE
CrowdingReadingAcuity_firstSess11,LoudAquaCow870,1743448440.308,"0,0","180,380",,3,3_2,2,,1,30.252100840336134,104.7,360,760,"180,380",importConditions,FALSE,FALSE
CrowdingReadingAcuity_firstSess11,LoudAquaCow870,1743448440.324,"0,0","180,380",,3,3_2,2,,1,30.252100840336134,104.7,360,760,"180,380",importConditions,FALSE,FALSE
CrowdingReadingAcuity_firstSess11,LoudAquaCow870,1743448440.34,"0,0","180,380",,3,3_2,2,,1,30.252100840336134,104.7,360,760,"180,380",importConditions,FALSE,FALSE
CrowdingReadingAcuity_firstSess11,LoudAquaCow870,1743448440.356,"0,0","180,380",,3,3_2,2,,1,30.252100840336134,104.7,360,760,"180,380",importConditions,FALSE,FALSE
CrowdingReadingAcuity_firstSess11,LoudAquaCow870,1743448440.373,"0,0","180,380",,3,3_2,2,,1,30.252100840336134,104.7,360,760,"180,380",importConditions,FALSE,FALSE
CrowdingReadingAcuity_firstSess11,LoudAquaCow870,1743448440.389,"0,0","180,380",,3,3_2,2,,1,30.252100840336134,104.7,360,760,"180,380",importConditions,FALSE,FALSE
CrowdingReadingAcuity_firstSess11,LoudAquaCow870,1743448440.404,"0,0","180,380",,3,3_2,2,,1,30.252100840336134,104.7,360,760,"180,380",importConditions,FALSE,FALSE
CrowdingReadingAcuity_firstSess11,LoudAquaCow870,1743448440.42,"0,0","180,380",,3,3_2,2,,1,30.252100840336134,104.7,360,760,"180,380",importConditions,FALSE,FALSE
CrowdingReadingAcuity_firstSess11,LoudAquaCow870,1743448440.436,"0,0","180,380",,3,3_2,2,,1,30.252100840336134,104.7,360,760,"180,380",importConditions,FALSE,FALSE
CrowdingReadingAcuity_firstSess11,LoudAquaCow870,1743448440.454,"0,0","180,380",,3,3_2,2,,1,30.252100840336134,104.7,360,760,"180,380",importConditions,FALSE,FALSE
CrowdingReadingAcuity_firstSess11,LoudAquaCow870,1743448440.468,"0,0","180,380",,3,3_2,2,,1,30.252100840336134,104.7,360,760,"180,380",importConditions,FALSE,FALSE
CrowdingReadingAcuity_firstSess11,LoudAquaCow870,1743448440.484,"0,0","180,380",,3,3_2,2,,1,30.252100840336134,104.7,360,760,"180,380",importConditions,FALSE,FALSE
CrowdingReadingAcuity_firstSess11,LoudAquaCow870,1743448440.5,"0,0","180,380",,3,3_2,2,,1,30.252100840336134,104.7,360,760,"180,380",importConditions,FALSE,FALSE
CrowdingReadingAcuity_firstSess11,LoudAquaCow870,1743448440.516,"0,0","180,380",,3,3_2,2,,1,30.252100840336134,104.7,360,760,"180,380",importConditions,FALSE,FALSE
CrowdingReadingAcuity_firstSess11,LoudAquaCow870,1743448440.532,"0,0","180,380",,3,3_2,2,,1,30.252100840336134,104.7,360,760,"180,380",importConditions,FALSE,FALSE
CrowdingReadingAcuity_firstSess11,LoudAquaCow870,1743448440.549,"0,0","180,380",,3,3_2,2,,1,30.252100840336134,104.7,360,760,"180,380",importConditions,FALSE,FALSE
CrowdingReadingAcuity_firstSess11,LoudAquaCow870,1743448440.564,"0,0","180,380",,3,3_2,2,,1,30.252100840336134,104.7,360,760,"180,380",importConditions,FALSE,FALSE
CrowdingReadingAcuity_firstSess11,LoudAquaCow870,1743448440.582,"0,0","180,380",,3,3_2,2,,1,30.252100840336134,104.7,360,760,"180,380",importConditions,FALSE,FALSE
CrowdingReadingAcuity_firstSess11,LoudAquaCow870,1743448440.597,"0,0","180,380",,3,3_2,2,,1,30.252100840336134,104.7,360,760,"180,380",importConditions,FALSE,FALSE
CrowdingReadingAcuity_firstSess11,LoudAquaCow870,1743448440.612,"0,0","180,380",,3,3_2,2,,1,30.252100840336134,104.7,360,760,"180,380",importConditions,FALSE,FALSE
CrowdingReadingAcuity_firstSess11,LoudAquaCow870,1743448440.629,"0,0","180,380",,3,3_2,2,,1,30.252100840336134,104.7,360,760,"180,380",importConditions,FALSE,FALSE
CrowdingReadingAcuity_firstSess11,LoudAquaCow870,1743448440.645,"0,0","180,380",,3,3_2,2,,1,30.252100840336134,104.7,360,760,"180,380",importConditions,FALSE,FALSE
CrowdingReadingAcuity_firstSess11,LoudAquaCow870,1743448440.66,"0,0","180,380",,3,3_2,2,,1,30.252100840336134,104.7,360,760,"180,380",importConditions,FALSE,FALSE
CrowdingReadingAcuity_firstSess11,LoudAquaCow870,1743448440.676,"0,0","180,380",,3,3_2,2,,1,30.252100840336134,104.7,360,760,"180,380",importConditions,FALSE,FALSE
CrowdingReadingAcuity_firstSess11,LoudAquaCow870,1743448440.692,"0,0","180,380",,3,3_2,2,,1,30.252100840336134,104.7,360,760,"180,380",importConditions,FALSE,FALSE
CrowdingReadingAcuity_firstSess11,LoudAquaCow870,1743448440.71,"0,0","180,380",,3,3_2,2,,1,30.252100840336134,104.7,360,760,"180,380",importConditions,FALSE,FALSE
CrowdingReadingAcuity_firstSess11,LoudAquaCow870,1743448440.724,"0,0","180,380",,3,3_2,2,,1,30.252100840336134,104.7,360,760,"180,380",importConditions,FALSE,FALSE
CrowdingReadingAcuity_firstSess11,LoudAquaCow870,1743448440.742,"0,0","180,380",,3,3_2,2,,1,30.252100840336134,104.7,360,760,"180,380",importConditions,FALSE,FALSE
CrowdingReadingAcuity_firstSess11,LoudAquaCow870,1743448440.756,"0,0","180,380",,3,3_2,2,,1,30.252100840336134,104.7,360,760,"180,380",importConditions,FALSE,FALSE
CrowdingReadingAcuity_firstSess11,LoudAquaCow870,1743448440.774,"0,0","180,380",,3,3_2,2,,1,30.252100840336134,104.7,360,760,"180,380",importConditions,FALSE,FALSE
CrowdingReadingAcuity_firstSess11,LoudAquaCow870,1743448440.789,"0,0","180,380",,3,3_2,2,,1,30.252100840336134,104.7,360,760,"180,380",importConditions,FALSE,FALSE
CrowdingReadingAcuity_firstSess11,LoudAquaCow870,1743448440.805,"0,0","180,380",,3,3_2,2,,1,30.252100840336134,104.7,360,760,"180,380",importConditions,FALSE,FALSE
CrowdingReadingAcuity_firstSess11,LoudAquaCow870,1743448440.821,"0,0","180,380",,3,3_2,2,,1,30.252100840336134,104.7,360,760,"180,380",importConditions,FALSE,FALSE
CrowdingReadingAcuity_firstSess11,LoudAquaCow870,1743448440.837,"0,0","180,380",,3,3_2,2,,1,30.252100840336134,104.7,360,760,"180,380",importConditions,FALSE,FALSE
CrowdingReadingAcuity_firstSess11,LoudAquaCow870,1743448440.852,"0,0","180,380",,3,3_2,2,,1,30.252100840336134,104.7,360,760,"180,380",importConditions,FALSE,FALSE
CrowdingReadingAcuity_firstSess11,LoudAquaCow870,1743448440.868,"0,0","180,380",,3,3_2,2,,1,30.252100840336134,104.7,360,760,"180,380",importConditions,FALSE,FALSE
CrowdingReadingAcuity_firstSess11,LoudAquaCow870,1743448440.885,"0,0","180,380",,3,3_2,2,,1,30.252100840336134,104.7,360,760,"180,380",importConditions,FALSE,FALSE
CrowdingReadingAcuity_firstSess11,LoudAquaCow870,1743448440.9,"0,0","180,380",,3,3_2,2,,1,30.252100840336134,104.7,360,760,"180,380",importConditions,FALSE,FALSE